speeds,initial_position,vehicles_dam,sim_dam,crashed_happened,sim_score,expected_score,exception,vehicles_damage_full,sim_damage_full
"[{'v1': 52.8081944504211}, {'v2': 50.8649555820431}]","[{'v1': [78.792451709537, 11.137805972312776, 0]}, {'v2': [78.71719626377813, 8.654376262270063, 0]}]","[{'v1': []}, {'v2': []}]","[{'v1': []}, {'v2': []}]",0,-1.8954021502980734,1.5999999999999999,,"[{'v1': []}, {'v2': []}]","{'v1': [], 'v2': []}"
"[{'v1': 52.8081944504211}, {'v2': 50.0}]","[{'v1': [78.8008479974489, 11.933452866083927]}, {'v2': [78.71719626377813, 8.654376262270063, 0]}]","[{'v1': ['ML']}, {'v2': []}]","[{'v1': ['ML']}, {'v2': []}]",1,1.3,1.5999999999999999,,"[{'v1': [{'name': 'ML', 'damage': 0.0058997050147492625}]}, {'v2': []}]","{'v1': [{'name': 'ML', 'damage': 0.0058997050147492625}], 'v2': []}"
"[{'v1': 52.8081944504211}, {'v2': 50.0}]","[{'v1': [78.8008479974489, 11.933452866083927]}, {'v2': [78.71095356277561, 8.062807021967378]}]","[{'v1': []}, {'v2': []}]","[{'v1': []}, {'v2': []}]",0,-1.8446198405553564,1.5999999999999999,,"[{'v1': []}, {'v2': []}]","{'v1': [], 'v2': []}"
"[{'v1': 50.0}, {'v2': 50.0}]","[{'v1': [78.8008479974489, 11.933452866083927]}, {'v2': [78.70805772523978, 7.788392403932776]}]","[{'v1': ['ML']}, {'v2': ['FR']}]","[{'v1': ['ML']}, {'v2': ['FR']}]",1,1.5999999999999999,1.5999999999999999,,"[{'v1': [{'name': 'ML', 'damage': 0.017699115044247787}]}, {'v2': [{'name': 'FR', 'damage': 0.021333333333333333}]}]","{'v1': [{'name': 'ML', 'damage': 0.017699115044247787}], 'v2': [{'name': 'FR', 'damage': 0.021333333333333333}]}"
