speeds,initial_position,vehicles_dam,sim_dam,crashed_happened,sim_score,expected_score,exception,vehicles_damage_full,sim_damage_full
"[{'v1': 52.8081944504211}, {'v2': 50.8649555820431}]","[{'v1': [78.792451709537, 11.137805972312776, 0]}, {'v2': [78.71719626377813, 8.654376262270063, 0]}]","[{'v1': []}, {'v2': []}]","[{'v1': []}, {'v2': []}]",0,-1.883436527033497,1.5999999999999999,,"[{'v1': []}, {'v2': []}]","{'v1': [], 'v2': []}"
"[{'v1': 50.0}, {'v2': 50.8649555820431}]","[{'v1': [78.792451709537, 11.137805972312776, 0]}, {'v2': [78.70468165128472, 7.468469744815267]}]","[{'v1': ['ML']}, {'v2': []}]","[{'v1': ['ML']}, {'v2': []}]",1,1.3,1.5999999999999999,,"[{'v1': [{'name': 'ML', 'damage': 0.035398230088495575}]}, {'v2': []}]","{'v1': [{'name': 'ML', 'damage': 0.035398230088495575}], 'v2': []}"
"[{'v1': 50.0}, {'v2': 50.8649555820431}]","[{'v1': [78.792451709537, 11.137805972312776, 0]}, {'v2': [78.70468165128472, 7.468469744815267]}]","[{'v1': ['FL']}, {'v2': ['M']}]","[{'v1': ['FL']}, {'v2': ['M']}]",1,1.5,1.5999999999999999,,"[{'v1': [{'name': 'FL', 'damage': 0.021333333333333333}]}, {'v2': [{'name': 'M', 'damage': 0.00029156644070267514}]}]","{'v1': [{'name': 'FL', 'damage': 0.021333333333333333}], 'v2': [{'name': 'M', 'damage': 0.00029156644070267514}]}"
"[{'v1': 50.0}, {'v2': 50.0}]","[{'v1': [78.78074626393084, 10.028577521062047]}, {'v2': [78.70047216296582, 7.069571286300806]}]","[{'v1': ['ML']}, {'v2': ['FR']}]","[{'v1': ['ML']}, {'v2': ['FR']}]",1,1.5999999999999999,1.5999999999999999,,"[{'v1': [{'name': 'ML', 'damage': 0.02359882005899705}]}, {'v2': [{'name': 'FR', 'damage': 0.021333333333333333}]}]","{'v1': [{'name': 'ML', 'damage': 0.02359882005899705}], 'v2': [{'name': 'FR', 'damage': 0.021333333333333333}]}"
