speeds,initial_position,vehicles_dam,sim_dam,crashed_happened,sim_score,expected_score,exception,vehicles_damage_full,sim_damage_full
"[{'v1': 52.8081944504211}, {'v2': 50.8649555820431}]","[{'v1': [78.792451709537, 11.137805972312776, 0]}, {'v2': [78.71719626377813, 8.654376262270063, 0]}]","[{'v1': []}, {'v2': []}]","[{'v1': []}, {'v2': []}]",0,-1.9783244078399818,1.5999999999999999,,"[{'v1': []}, {'v2': []}]","{'v1': [], 'v2': []}"
"[{'v1': 52.8081944504211}, {'v2': 50.8649555820431}]","[{'v1': [78.792451709537, 11.137805972312776, 0]}, {'v2': [78.71719626377813, 8.654376262270063, 0]}]","[{'v1': []}, {'v2': []}]","[{'v1': []}, {'v2': []}]",0,-1.9052531364426504,1.5999999999999999,,"[{'v1': []}, {'v2': []}]","{'v1': [], 'v2': []}"
"[{'v1': 52.8081944504211}, {'v2': 50.8649555820431}]","[{'v1': [78.792451709537, 11.137805972312776, 0]}, {'v2': [78.71719626377813, 8.654376262270063, 0]}]","[{'v1': []}, {'v2': []}]","[{'v1': []}, {'v2': []}]",0,-1.9501644203053454,1.5999999999999999,,"[{'v1': []}, {'v2': []}]","{'v1': [], 'v2': []}"
"[{'v1': 50.0}, {'v2': 50.8649555820431}]","[{'v1': [78.792451709537, 11.137805972312776, 0]}, {'v2': [78.71719626377813, 8.654376262270063, 0]}]","[{'v1': []}, {'v2': []}]","[{'v1': []}, {'v2': []}]",0,-1.9082262150448532,1.5999999999999999,,"[{'v1': []}, {'v2': []}]","{'v1': [], 'v2': []}"
"[{'v1': 52.8081944504211}, {'v2': 50.8649555820431}]","[{'v1': [78.792451709537, 11.137805972312776, 0]}, {'v2': [78.71719626377813, 8.654376262270063, 0]}]","[{'v1': []}, {'v2': []}]","[{'v1': []}, {'v2': []}]",0,-1.9483089300022272,1.5999999999999999,,"[{'v1': []}, {'v2': []}]","{'v1': [], 'v2': []}"
"[{'v1': 49.45458186735176}, {'v2': 49.58593301744927}]","[{'v1': [78.792451709537, 11.137805972312776, 0]}, {'v2': [78.71719626377813, 8.654376262270063, 0]}]","[{'v1': ['FL']}, {'v2': []}]","[{'v1': ['FL']}, {'v2': []}]",1,1.3,1.5999999999999999,,"[{'v1': [{'name': 'FL', 'damage': 0.032}]}, {'v2': []}]","{'v1': [{'name': 'FL', 'damage': 0.032}], 'v2': []}"
"[{'v1': 50.0}, {'v2': 50.0}]","[{'v1': [78.792451709537, 11.137805972312776, 0]}, {'v2': [78.71719626377813, 8.654376262270063, 0]}]","[{'v1': ['FL']}, {'v2': ['FR']}]","[{'v1': ['FL']}, {'v2': ['FR']}]",1,1.5999999999999999,1.5999999999999999,,"[{'v1': [{'name': 'FL', 'damage': 0.064}]}, {'v2': [{'name': 'FR', 'damage': 0.010666666666666666}]}]","{'v1': [{'name': 'FL', 'damage': 0.064}], 'v2': [{'name': 'FR', 'damage': 0.010666666666666666}]}"
