speeds,initial_position,vehicles_dam,sim_dam,crashed_happened,sim_score,expected_score,exception,vehicles_damage_full,sim_damage_full
"[{'v1': 52.59639583925475}, {'v2': 43.09434826097336}]","[{'v1': [11.755047241227548, 0.4198231157581205]}, {'v2': [12.279826135925205, 7.241948746827681]}]","[{'v1': ['F']}, {'v2': ['B']}]","[{'v1': ['F']}, {'v2': ['B']}]",1,1.7999999999999998,1.7999999999999998,,"[{'v1': [{'name': 'F', 'damage': 0.3166109253065775}]}, {'v2': [{'name': 'B', 'damage': 0.12121212121212122}]}]","{'v1': [{'name': 'F', 'damage': 0.3166109253065775}], 'v2': [{'name': 'B', 'damage': 0.12121212121212122}]}"
"[{'v1': 52.59639583925475}, {'v2': 28.668539633989543}]","[{'v1': [11.755047241227548, 0.4198231157581205]}, {'v2': [12.279826135925205, 7.241948746827681]}]","[{'v1': ['F', 'M']}, {'v2': ['B']}]","[{'v1': ['F', 'M']}, {'v2': ['B']}]",1,1.7,1.7999999999999998,,"[{'v1': [{'name': 'F', 'damage': 0.41025641025641024}, {'name': 'M', 'damage': 0.00029156644070267514}]}, {'v2': [{'name': 'B', 'damage': 0.1844532279314888}]}]","{'v1': [{'name': 'F', 'damage': 0.41025641025641024}, {'name': 'M', 'damage': 0.00029156644070267514}], 'v2': [{'name': 'B', 'damage': 0.1844532279314888}]}"
