speeds,initial_position,vehicles_dam,sim_dam,crashed_happened,sim_score,expected_score,exception,vehicles_damage_full,sim_damage_full
"[{'v1': 52.59639583925475}, {'v2': 43.09434826097336}]","[{'v1': [11.755047241227548, 0.4198231157581205]}, {'v2': [12.279826135925205, 7.241948746827681]}]","[{'v1': ['F']}, {'v2': ['B']}]","[{'v1': ['F']}, {'v2': ['B']}]",1,1.7999999999999998,1.7999999999999998,,"[{'v1': [{'name': 'F', 'damage': 0.27647714604236345}]}, {'v2': [{'name': 'B', 'damage': 0.09486166007905138}]}]","{'v1': [{'name': 'F', 'damage': 0.27647714604236345}], 'v2': [{'name': 'B', 'damage': 0.09486166007905138}]}"
"[{'v1': 48.0}, {'v2': 31.0}]","[{'v1': [13.724347619480014, 0.07074429913544272]}, {'v2': [15.233776703303906, 6.7183305218936615]}]","[{'v1': ['F']}, {'v2': ['B']}]","[{'v1': ['F']}, {'v2': ['B']}]",1,1.7999999999999998,1.7999999999999998,,"[{'v1': [{'name': 'F', 'damage': 0.013377926421404682}]}, {'v2': [{'name': 'B', 'damage': 0.16337285902503293}]}]","{'v1': [{'name': 'F', 'damage': 0.013377926421404682}], 'v2': [{'name': 'B', 'damage': 0.16337285902503293}]}"
