speeds,initial_position,vehicles_dam,sim_dam,crashed_happened,sim_score,expected_score,exception,vehicles_damage_full,sim_damage_full
"[{'v1': 52.59639583925475}, {'v2': 43.09434826097336}]","[{'v1': [11.755047241227548, 0.4198231157581205]}, {'v2': [12.279826135925205, 7.241948746827681]}]","[{'v1': ['F']}, {'v2': ['B']}]","[{'v1': ['F']}, {'v2': ['B']}]",1,1.7999999999999998,1.7999999999999998,,"[{'v1': [{'name': 'F', 'damage': 0.3076923076923077}]}, {'v2': [{'name': 'B', 'damage': 0.09486166007905138}]}]","{'v1': [{'name': 'F', 'damage': 0.3076923076923077}], 'v2': [{'name': 'B', 'damage': 0.09486166007905138}]}"
"[{'v1': 52.59639583925475}, {'v2': 43.09434826097336}]","[{'v1': [11.12038082636094, 0.5323242880010228]}, {'v2': [12.579908089380428, 7.1887561235190285]}]","[{'v1': ['F']}, {'v2': ['B']}]","[{'v1': ['F']}, {'v2': ['B']}]",1,1.7999999999999998,1.7999999999999998,,"[{'v1': [{'name': 'F', 'damage': 0.0713489409141583}]}, {'v2': [{'name': 'B', 'damage': 0.10540184453227931}]}]","{'v1': [{'name': 'F', 'damage': 0.0713489409141583}], 'v2': [{'name': 'B', 'damage': 0.10540184453227931}]}"
