speeds,initial_position,vehicles_dam,sim_dam,crashed_happened,sim_score,expected_score,exception,vehicles_damage_full,sim_damage_full
"[{'v1': 52.59639583925475}, {'v2': 43.09434826097336}]","[{'v1': [11.755047241227548, 0.4198231157581205]}, {'v2': [12.279826135925205, 7.241948746827681]}]","[{'v1': ['F']}, {'v2': ['B']}]","[{'v1': ['F']}, {'v2': ['B']}]",1,1.7999999999999998,1.7999999999999998,,"[{'v1': [{'name': 'F', 'damage': 0.31215161649944256}]}, {'v2': [{'name': 'B', 'damage': 0.12121212121212122}]}]","{'v1': [{'name': 'F', 'damage': 0.31215161649944256}], 'v2': [{'name': 'B', 'damage': 0.12121212121212122}]}"
"[{'v1': 52.59639583925475}, {'v2': 43.09434826097336}]","[{'v1': [11.755047241227548, 0.4198231157581205]}, {'v2': [12.279826135925205, 7.241948746827681]}]","[{'v1': ['F']}, {'v2': ['B']}]","[{'v1': ['F']}, {'v2': ['B']}]",1,1.7999999999999998,1.7999999999999998,,"[{'v1': [{'name': 'F', 'damage': 0.3032329988851728}]}, {'v2': [{'name': 'B', 'damage': 0.08959156785243742}]}]","{'v1': [{'name': 'F', 'damage': 0.3032329988851728}], 'v2': [{'name': 'B', 'damage': 0.08959156785243742}]}"
