speeds,initial_position,vehicles_dam,sim_dam,crashed_happened,sim_score,expected_score,exception,vehicles_damage_full,sim_damage_full
"[{'v1': 53.252082825749525}, {'v2': 45.43994838573048}]","[{'v1': [0.6811674358750477, 11.545788038082058, 0]}, {'v2': [0.9195760384313144, 15.394384050776079, 0]}]","[{'v1': ['F', 'M']}, {'v2': ['FR']}]","[{'v1': ['F', 'M']}, {'v2': ['FR']}]",1,1.5999999999999999,1.7,,"[{'v1': [{'name': 'F', 'damage': 0.022296544035674472}, {'name': 'M', 'damage': 0.0040819301698374515}]}, {'v2': [{'name': 'FR', 'damage': 0.07466666666666667}]}]","{'v1': [{'name': 'F', 'damage': 0.022296544035674472}, {'name': 'M', 'damage': 0.0040819301698374515}], 'v2': [{'name': 'FR', 'damage': 0.07466666666666667}]}"
"[{'v1': 32.14154979234843}, {'v2': 45.43994838573048}]","[{'v1': [0.6811674358750477, 11.545788038082058, 0]}, {'v2': [0.9195760384313144, 15.394384050776079, 0]}]","[{'v1': []}, {'v2': []}]","[{'v1': []}, {'v2': []}]",0,-3.855245725822904,1.7,,"[{'v1': []}, {'v2': []}]","{'v1': [], 'v2': []}"
"[{'v1': 53.252082825749525}, {'v2': 45.43994838573048}]","[{'v1': [0.6811674358750477, 11.545788038082058, 0]}, {'v2': [0.9195760384313144, 15.394384050776079, 0]}]","[{'v1': ['M', 'FL']}, {'v2': ['FR']}]","[{'v1': ['M', 'FL']}, {'v2': ['FR']}]",1,1.7,1.7,,"[{'v1': [{'name': 'M', 'damage': 0.0008746993221080254}, {'name': 'FL', 'damage': 0.05673758865248227}]}, {'v2': [{'name': 'FR', 'damage': 0.17066666666666666}]}]","{'v1': [{'name': 'M', 'damage': 0.0008746993221080254}, {'name': 'FL', 'damage': 0.05673758865248227}], 'v2': [{'name': 'FR', 'damage': 0.17066666666666666}]}"
