original,max
-3.85,1.7999999999999998
-80.11,1.7999999999999998
-80.11,1.7999999999999998
-80.11,1.7999999999999998
-80.11,1.7999999999999998